,y
0,2
1,2
2,2
3,2
4,1
5,2
6,2
7,2
8,2
9,2
10,1
11,2
12,1
13,2
14,2
15,2
16,2
17,2
18,1
19,2
20,2
21,2
22,1
23,2
24,1
25,1
26,1
27,1
28,2
29,1
30,2
31,2
32,2
33,2
34,1
35,2
36,1
37,2
38,2
39,2
40,1
41,1
42,2
43,2
44,1
45,2
46,2
47,2
48,2
49,2
50,2
51,1
52,1
53,2
54,2
55,2
56,1
57,2
58,2
59,2
60,2
61,2
62,1
63,2
64,2
65,2
66,2
67,2
68,1
69,2
70,2
71,2
72,2
73,2
74,1
75,2
76,2
77,2
78,2
79,2
80,2
81,2
82,1
83,2
84,2
85,2
86,2
87,2
88,2
89,1
90,2
91,2
92,2
93,2
94,2
95,2
96,2
97,2
98,1
99,2
100,2
101,2
102,1
103,2
104,2
105,2
106,2
107,2
108,1
109,2
110,1
111,1
112,2
113,2
114,2
115,2
116,1
117,2
118,1
119,2
120,2
121,2
122,2
123,1
124,1
125,2
126,2
127,2
128,2
129,2
130,2
131,2
132,2
133,2
134,1
135,1
136,2
137,2
138,2
139,2
140,1
141,2
142,2
143,2
144,2
145,1
146,2
147,2
148,2
149,2
150,1
151,1
152,2
153,1
154,2
155,2
156,2
157,2
158,2
159,2
160,2
161,2
162,2
163,2
164,2
165,2
166,1
167,2
168,2
169,2
170,1
171,2
172,1
173,1
174,2
175,1
176,2
177,2
178,2
179,2
180,2
181,2
182,1
183,2
184,2
185,2
186,2
187,2
188,2
189,2
190,2
191,2
192,2
193,1
194,2
195,2
196,2
197,1
198,2
199,1
200,2
201,1
202,2
203,2
204,1
205,1
206,2
207,1
208,2
209,2
210,2
211,1
212,2
213,1
214,2
215,2
216,1
217,2
218,2
219,2
220,2
221,1
222,1
223,2
224,2
225,2
226,2
227,2
228,2
229,1
230,2
231,2
232,1
233,2
234,2
235,2
236,1
237,2
238,2
239,2
240,2
241,2
242,2
243,2
244,1
245,1
246,2
247,2
248,2
249,2
250,2
251,2
252,2
253,2
254,2
255,2
256,2
257,2
258,2
259,2
260,2
261,2
262,2
263,2
264,2
265,2
266,1
267,2
268,2
269,1
270,2
271,2
272,2
273,2
274,2
275,2
276,1
277,1
278,2
279,2
280,1
281,2
282,2
283,1
284,2
285,2
286,2
287,2
288,1
289,2
290,2
291,2
292,2
293,1
294,2
295,2
296,2
297,2
298,2
299,1
300,2
301,2
302,2
303,1
304,2
305,1
306,2
307,1
308,2
309,2
310,1
311,1
312,2
313,1
314,2
315,1
316,2
317,2
318,2
319,2
320,2
321,2
322,1
323,2
324,2
325,2
326,1
327,2
328,1
329,2
330,1
331,1
332,2
333,2
334,2
335,2
336,2
337,2
338,2
339,2
340,2
341,2
342,2
343,2
344,2
345,2
346,2
347,2
348,2
349,2
350,1
351,1
352,1
353,2
354,2
355,2
356,1
357,2
358,2
359,2
360,2
361,2
362,2
363,1
364,2
365,2
366,1
367,2
368,2
369,2
370,2
371,2
372,2
373,2
374,2
375,2
376,2
377,2
378,2
379,2
380,1
381,2
382,2
383,2
384,2
385,2
386,2
387,2
388,2
389,2
390,1
391,2
392,2
393,1
394,2
395,1
396,2
397,1
398,2
399,2
400,2
401,1
402,2
403,2
404,1
405,2
406,2
407,2
408,2
409,2
410,2
411,2
412,2
413,2
414,2
415,2
416,2
417,1
418,2
419,1
420,2
421,2
422,2
423,2
424,2
425,2
426,2
427,2
428,1
429,1
430,2
431,2
432,2
433,2
434,2
435,2
436,2
437,1
438,2
439,2
440,2
441,2
442,2
443,2
444,2
445,1
446,2
447,2
448,2
449,1
450,2
451,2
452,2
453,1
454,2
455,2
456,1
457,2
458,1
459,2
460,2
461,2
462,1
463,2
464,2
465,2
466,2
467,2
468,2
469,2
470,2
471,1
472,2
473,2
474,2
475,1
476,1
477,2
478,1
479,2
480,2
481,2
482,2
483,2
484,2
485,2
486,2
487,1
488,1
489,2
490,2
491,1
492,2
493,1
494,2
495,2
496,2
497,2
498,2
499,2
500,1
501,2
502,1
503,2
504,2
505,2
506,2
507,2
508,1
509,2
510,2
511,1
512,2
513,2
514,1
515,2
516,1
517,2
518,2
519,1
520,2
521,1
522,2
523,1
524,2
525,2
526,2
527,2
528,2
529,2
530,1
531,2
532,2
533,2
534,1
535,2
536,1
537,1
538,2
539,2
540,2
541,2
542,1
543,2
544,2
545,1
546,1
547,2
548,2
549,1
550,2
551,2
552,1
553,2
554,2
555,2
556,1
557,2
558,2
559,2
560,2
561,1
562,2
563,2
564,2
565,1
566,2
567,1
568,2
569,2
570,1
571,2
572,2
573,2
574,2
575,2
576,2
577,2
578,2
579,2
580,2
581,2
582,1
583,2
584,1
585,1
586,2
587,2
588,2
589,2
590,1
591,2
592,1
593,2
594,2
595,2
596,1
597,2
598,2
599,2
600,1
601,1
602,2
603,2
604,2
605,2
606,2
607,1
608,2
609,2
610,1
611,1
612,2
613,2
614,2
615,2
616,1
617,2
618,1
619,2
620,2
621,2
622,2
623,2
624,2
625,2
626,2
627,2
628,2
629,2
630,2
631,2
632,2
633,2
634,2
635,1
636,2
637,1
638,1
639,2
640,2
641,2
642,2
643,2
644,1
645,2
646,2
647,2
648,2
649,2
650,2
651,1
652,1
653,2
654,2
655,2
656,1
657,2
658,2
659,2
660,1
661,2
662,1
663,2
664,1
665,2
666,2
667,2
668,2
669,2
670,2
671,2
672,1
673,2
674,2
675,2
676,2
677,1
678,2
679,2
680,2
681,2
682,2
683,1
684,2
685,2
686,2
687,2
688,1
689,2
690,1
691,2
692,1
693,1
694,2
695,1
696,2
697,2
698,2
699,1
700,2
701,2
702,1
703,2
704,2
705,1
706,2
707,2
708,2
709,2
710,1
711,1
712,2
713,2
714,2
715,1
716,2
717,2
718,1
719,2
720,1
721,2
722,2
723,2
724,1
725,2
726,2
727,2
728,2
729,2
730,1
731,2
732,2
733,1
734,2
735,2
736,2
737,2
738,1
739,1
740,1
741,2
742,1
743,2
744,2
745,2
746,2
747,1
748,1
749,2
750,2
751,2
752,2
753,2
754,2
755,1
756,1
757,2
758,1
759,2
760,2
761,2
762,1
763,2
764,1
765,2
766,2
767,1
768,2
769,2
770,1
771,1
772,1
773,2
774,2
775,2
776,1
777,2
778,2
779,2
780,1
781,2
782,2
783,2
784,2
785,2
786,2
787,2
788,2
789,2
790,2
791,2
792,2
793,2
794,2
795,2
796,1
797,1
798,2
799,2
800,1
801,2
802,2
803,1
804,2
805,2
806,1
807,2
808,2
809,2
810,1
811,1
812,2
813,2
814,2
815,1
816,2
817,2
818,2
819,2
820,2
821,2
822,1
823,2
824,2
825,1
826,2
827,2
828,2
829,2
830,2
831,2
832,2
833,2
834,1
835,1
836,2
837,2
838,1
839,2
840,2
841,2
842,1
843,1
844,2
845,1
846,2
847,1
848,1
849,2
850,2
851,1
852,2
853,2
854,2
855,2
856,2
857,2
858,2
859,2
860,2
861,2
862,1
863,2
864,2
865,1
866,2
867,2
868,1
869,1
870,1
871,2
872,1
873,2
874,2
875,2
876,2
877,2
878,2
879,2
880,2
881,2
882,2
883,1
884,2
885,1
886,1
887,2
888,2
889,2
890,2
891,2
892,2
893,2
894,1
895,1
896,2
897,1
898,2
899,2
900,2
901,2
902,2
903,1
904,2
905,2
906,2
907,2
908,1
909,2
910,1
911,1
912,1
913,2
914,2
915,1
916,2
917,2
918,2
919,2
920,2
921,1
922,2
923,2
924,2
925,2
926,2
927,2
928,2
929,2
930,2
931,2
932,2
933,1
934,2
935,2
936,2
937,2
938,2
939,2
940,2
941,2
942,2
943,2
944,2
945,2
946,1
947,2
948,2
949,2
950,2
951,2
952,2
953,2
954,2
955,1
956,2
957,2
958,1
959,2
960,2
961,1
962,2
963,1
964,2
965,1
966,2
967,1
968,2
969,2
970,2
971,2
972,1
973,2
974,2
975,2
976,1
977,2
978,2
979,2
980,2
981,2
982,2
983,2
984,2
985,2
986,2
987,2
988,2
989,1
990,2
991,1
992,2
993,1
994,1
995,2
996,2
997,1
998,2
999,2
1000,2
1001,1
1002,1
1003,2
1004,1
1005,2
1006,2
1007,1
1008,2
1009,1
1010,2
1011,2
1012,2
1013,2
1014,2
1015,1
1016,2
1017,2
1018,2
1019,2
1020,2
1021,1
1022,2
1023,2
1024,2
1025,2
1026,2
1027,2
1028,1
1029,2
1030,2
1031,2
1032,2
1033,2
1034,2
1035,2
1036,2
1037,2
1038,1
1039,1
1040,2
1041,2
1042,2
1043,2
1044,2
1045,2
1046,2
1047,2
1048,1
1049,2
1050,1
1051,2
1052,1
1053,2
1054,2
1055,1
1056,2
1057,2
1058,2
1059,1
1060,2
1061,1
1062,2
1063,2
1064,2
1065,2
1066,2
1067,2
1068,2
1069,2
1070,1
1071,2
1072,2
1073,2
1074,2
1075,2
1076,2
1077,2
1078,2
1079,2
1080,2
1081,2
1082,2
1083,1
1084,1
1085,2
1086,2
1087,2
1088,1
1089,2
1090,2
1091,2
1092,1
1093,2
1094,2
1095,2
1096,1
1097,2
1098,1
1099,2
1100,2
1101,1
1102,2
1103,2
1104,2
1105,2
1106,2
1107,2
1108,2
1109,2
1110,1
1111,2
1112,1
1113,2
1114,2
1115,2
1116,2
1117,2
1118,2
1119,1
1120,2
1121,2
1122,2
1123,2
1124,2
1125,2
1126,2
1127,2
1128,2
1129,2
1130,2
1131,2
1132,1
1133,2
1134,2
1135,2
1136,2
1137,2
1138,1
1139,2
1140,2
1141,1
1142,2
1143,2
1144,2
1145,2
1146,2
1147,2
1148,2
1149,2
1150,2
1151,2
1152,2
1153,2
1154,1
1155,2
1156,2
1157,2
1158,2
1159,2
1160,2
1161,2
1162,1
1163,2
1164,2
1165,2
1166,2
1167,2
1168,1
1169,2
1170,1
1171,2
1172,1
1173,2
1174,2
1175,1
1176,2
1177,2
1178,1
1179,2
1180,2
1181,2
1182,1
1183,1
1184,1
1185,2
1186,2
1187,2
1188,1
1189,1
1190,1
1191,2
1192,2
1193,1
1194,2
1195,2
1196,2
1197,1
1198,1
1199,2
1200,1
1201,2
1202,2
1203,2
1204,2
1205,1
1206,2
1207,2
1208,2
1209,2
1210,1
1211,2
1212,2
1213,1
1214,2
1215,1
1216,2
1217,2
1218,2
1219,2
1220,1
1221,2
1222,2
1223,1
1224,2
1225,1
1226,2
1227,1
1228,2
1229,2
1230,2
1231,1
1232,2
1233,2
1234,2
1235,1
1236,2
1237,2
1238,1
1239,2
1240,1
1241,2
1242,2
1243,2
1244,2
1245,2
1246,2
1247,2
1248,2
1249,1
1250,2
1251,2
1252,2
1253,2
1254,1
1255,2
1256,2
1257,2
1258,2
1259,2
1260,2
1261,2
1262,1
1263,2
1264,2
1265,2
1266,2
1267,2
1268,2
1269,1
1270,2
1271,2
1272,2
1273,2
1274,2
1275,2
1276,1
1277,1
1278,2
1279,1
1280,1
1281,1
1282,2
1283,2
1284,2
1285,1
1286,2
1287,2
1288,2
1289,2
1290,2
1291,2
1292,2
1293,2
1294,2
1295,2
1296,2
1297,2
1298,2
1299,2
1300,2
1301,2
1302,2
1303,2
1304,1
1305,2
1306,2
1307,2
1308,1
1309,2
1310,2
1311,2
1312,2
1313,1
1314,2
1315,2
1316,2
1317,2
1318,1
1319,2
1320,1
1321,2
1322,2
1323,2
1324,2
1325,1
1326,2
1327,2
1328,2
1329,2
1330,2
1331,2
1332,2
1333,2
1334,1
1335,2
1336,2
1337,2
1338,2
1339,2
1340,2
1341,1
1342,2
1343,2
1344,2
1345,1
1346,1
1347,2
1348,1
1349,2
1350,2
1351,1
1352,1
1353,2
1354,2
1355,2
1356,2
1357,1
1358,2
1359,2
1360,2
1361,2
1362,1
1363,2
1364,2
1365,2
1366,2
1367,2
1368,2
1369,1
1370,2
1371,2
1372,2
1373,2
1374,2
1375,2
1376,1
1377,2
1378,2
1379,2
1380,2
1381,2
1382,1
1383,2
1384,2
1385,1
1386,2
1387,2
1388,1
1389,2
1390,2
1391,2
1392,1
1393,1
1394,2
1395,2
1396,2
1397,2
1398,1
1399,2
1400,2
1401,2
1402,2
1403,1
1404,2
1405,2
1406,2
1407,1
1408,2
1409,1
1410,2
1411,1
1412,2
1413,1
1414,2
1415,2
1416,2
1417,1
1418,2
1419,2
1420,2
1421,1
1422,2
1423,2
1424,1
1425,2
1426,1
1427,2
1428,2
1429,2
1430,2
1431,1
1432,2
1433,1
1434,2
1435,2
1436,1
1437,1
1438,2
1439,2
1440,2
1441,2
1442,2
1443,1
1444,2
1445,2
1446,1
1447,2
1448,1
1449,2
1450,2
1451,1
1452,2
1453,2
1454,2
1455,2
1456,2
1457,2
1458,1
1459,2
1460,2
1461,2
1462,2
1463,2
1464,2
1465,2
1466,2
1467,2
1468,2
1469,2
1470,2
1471,2
1472,2
1473,2
1474,2
1475,2
1476,2
1477,2
1478,2
1479,2
1480,2
1481,2
1482,1
1483,2
1484,2
1485,2
1486,2
1487,2
1488,2
1489,2
1490,2
1491,2
1492,2
1493,2
1494,2
1495,2
1496,2
1497,1
1498,2
1499,2
1500,2
1501,1
1502,1
1503,1
1504,2
1505,2
1506,1
1507,1
1508,2
1509,2
1510,2
1511,1
1512,2
1513,1
1514,2
1515,2
1516,2
1517,2
1518,2
1519,2
1520,1
1521,2
1522,1
1523,1
1524,2
1525,2
1526,1
1527,1
1528,2
1529,2
1530,2
1531,2
1532,2
1533,2
1534,2
1535,2
1536,2
1537,2
1538,1
1539,1
1540,1
1541,1
1542,2
1543,2
1544,1
1545,2
1546,2
1547,1
1548,2
1549,2
1550,2
1551,2
1552,2
1553,2
1554,1
1555,2
1556,2
1557,2
1558,2
1559,1
1560,2
1561,2
1562,2
1563,2
1564,1
1565,1
1566,2
1567,1
1568,2
1569,2
1570,2
1571,2
1572,2
1573,2
1574,2
1575,2
1576,2
1577,1
1578,2
1579,2
1580,2
1581,2
1582,2
1583,2
1584,1
1585,2
1586,2
1587,2
1588,2
1589,1
1590,2
1591,2
1592,2
1593,1
1594,1
1595,2
1596,1
1597,1
1598,1
1599,2
1600,2
1601,2
1602,1
1603,2
1604,2
1605,2
1606,1
1607,2
1608,2
1609,2
1610,2
1611,2
1612,2
1613,2
1614,2
1615,2
1616,2
1617,2
1618,2
1619,2
1620,1
1621,1
1622,2
1623,2
1624,1
1625,2
1626,2
1627,2
1628,2
1629,2
1630,2
1631,2
1632,1
1633,2
1634,2
1635,2
1636,1
1637,2
1638,2
1639,1
1640,1
1641,1
1642,1
1643,2
1644,2
1645,1
1646,2
1647,2
1648,2
1649,2
1650,2
1651,2
1652,1
1653,1
1654,2
1655,2
1656,2
1657,1
1658,1
1659,2
1660,2
1661,2
1662,2
1663,2
1664,2
1665,2
1666,2
1667,2
1668,2
1669,2
1670,1
1671,2
1672,2
1673,2
1674,2
1675,2
1676,1
1677,2
1678,2
1679,2
1680,2
1681,2
1682,2
1683,1
1684,2
1685,2
1686,2
1687,2
1688,1
1689,2
1690,1
1691,1
1692,2
1693,2
1694,1
1695,2
1696,2
1697,1
1698,2
1699,2
1700,2
1701,2
1702,1
1703,2
1704,2
1705,2
1706,1
1707,2
1708,2
1709,2
1710,2
1711,2
1712,2
1713,2
1714,2
1715,2
1716,2
1717,2
1718,2
1719,2
1720,2
1721,2
1722,2
1723,2
1724,2
1725,2
1726,2
1727,2
1728,2
1729,2
1730,1
1731,2
1732,2
1733,2
1734,1
1735,2
1736,1
1737,2
1738,1
1739,2
1740,1
1741,2
1742,2
1743,2
1744,1
1745,2
1746,2
1747,2
1748,2
1749,2
1750,2
1751,2
1752,2
1753,2
1754,2
1755,2
1756,2
1757,2
1758,1
1759,2
1760,2
1761,2
1762,1
1763,1
1764,1
1765,2
1766,2
1767,2
1768,1
1769,2
1770,2
1771,2
1772,2
1773,1
1774,2
1775,2
1776,2
1777,2
1778,2
1779,2
1780,2
1781,1
1782,2
1783,2
1784,2
1785,1
1786,2
1787,2
1788,2
1789,2
1790,2
1791,2
1792,1
1793,2
1794,2
1795,2
1796,2
1797,2
1798,1
1799,2
1800,2
1801,2
1802,2
1803,2
1804,2
1805,1
1806,2
1807,2
1808,2
1809,2
1810,1
1811,2
1812,2
1813,1
1814,2
1815,1
1816,2
1817,2
1818,2
1819,2
1820,2
1821,1
1822,2
1823,2
1824,2
1825,1
1826,1
1827,2
1828,2
1829,2
1830,2
1831,2
1832,2
1833,2
1834,2
1835,2
1836,2
1837,2
1838,1
1839,2
1840,1
1841,2
1842,2
1843,1
1844,2
1845,2
1846,2
1847,1
1848,2
1849,2
1850,2
1851,2
1852,2
1853,2
1854,2
1855,2
1856,1
1857,2
1858,2
1859,2
1860,2
1861,1
1862,1
1863,1
1864,2
1865,2
1866,2
1867,1
1868,1
1869,2
1870,2
1871,2
1872,2
1873,1
1874,2
1875,1
1876,2
1877,2
1878,2
1879,2
1880,2
1881,2
1882,1
1883,2
1884,2
1885,2
1886,2
1887,2
1888,2
1889,2
1890,2
1891,2
1892,2
1893,2
1894,2
1895,2
1896,2
1897,2
1898,2
1899,1
1900,2
1901,2
1902,2
1903,2
1904,1
1905,2
1906,1
1907,1
1908,2
1909,1
1910,1
1911,2
1912,2
1913,2
1914,1
1915,1
1916,2
1917,2
1918,2
1919,2
1920,2
1921,2
1922,1
1923,2
1924,1
1925,2
1926,2
1927,1
1928,2
1929,2
1930,2
1931,2
1932,2
1933,2
1934,2
1935,2
1936,2
1937,2
1938,2
1939,2
1940,2
1941,2
1942,2
1943,2
1944,1
1945,2
1946,2
1947,2
1948,2
1949,1
1950,2
1951,2
1952,2
1953,1
1954,1
1955,2
1956,2
1957,2
1958,2
1959,2
1960,2
1961,1
1962,2
1963,2
1964,2
1965,1
1966,2
1967,2
1968,2
1969,1
1970,2
1971,2
1972,2
1973,2
1974,1
1975,2
1976,2
1977,2
1978,2
1979,2
1980,2
1981,2
1982,2
1983,2
1984,2
1985,2
1986,2
1987,1
1988,1
1989,1
1990,2
1991,2
1992,2
1993,2
1994,2
1995,1
1996,1
1997,2
1998,2
1999,2
2000,1
2001,2
2002,2
2003,1
2004,2
2005,2
2006,2
2007,2
2008,2
2009,2
2010,2
2011,2
2012,1
2013,2
2014,2
2015,2
2016,1
2017,2
2018,2
2019,2
2020,1
2021,2
2022,2
2023,1
2024,2
2025,1
2026,2
2027,2
2028,2
2029,1
2030,2
2031,2
2032,2
2033,2
2034,1
2035,2
2036,2
2037,1
2038,1
2039,2
2040,1
2041,2
2042,1
2043,2
2044,2
2045,2
2046,1
2047,2
2048,1
2049,2
2050,2
2051,1
2052,2
2053,2
2054,1
2055,2
2056,1
2057,2
2058,1
2059,1
2060,1
2061,2
2062,2
2063,2
2064,2
2065,2
2066,2
2067,2
2068,1
2069,2
2070,1
2071,2
2072,2
2073,2
2074,2
2075,2
2076,1
2077,1
2078,2
2079,2
2080,2
2081,2
2082,2
2083,2
2084,2
2085,2
2086,2
2087,1
2088,2
2089,2
2090,2
2091,1
2092,1
2093,2
2094,2
2095,2
2096,2
2097,2
2098,2
2099,1
2100,2
2101,2
2102,2
2103,2
2104,1
2105,1
2106,2
2107,2
2108,2
2109,2
2110,2
2111,2
2112,2
2113,2
2114,2
2115,2
2116,2
2117,2
2118,2
2119,1
2120,2
2121,1
2122,2
2123,2
2124,2
2125,2
2126,1
2127,2
2128,2
2129,2
2130,2
2131,2
2132,2
2133,2
2134,2
2135,1
2136,2
2137,2
2138,2
2139,2
2140,2
2141,2
2142,2
2143,1
2144,2
2145,1
2146,2
2147,1
2148,2
2149,1
2150,2
2151,2
2152,2
2153,2
2154,2
2155,2
2156,2
2157,2
2158,2
2159,2
2160,2
2161,2
2162,1
2163,2
2164,2
2165,2
2166,2
2167,2
2168,2
2169,2
2170,2
2171,2
2172,2
2173,2
2174,2
2175,2
2176,2
2177,2
2178,2
2179,2
2180,2
2181,2
2182,2
2183,2
2184,2
2185,2
2186,2
2187,2
2188,2
2189,2
2190,2
2191,2
2192,2
2193,1
2194,1
2195,2
2196,2
2197,2
2198,2
2199,2
2200,2
2201,2
2202,2
2203,2
2204,2
2205,2
2206,2
2207,2
2208,2
2209,2
2210,1
2211,2
2212,2
2213,2
2214,2
2215,2
2216,2
2217,2
2218,2
2219,1
2220,2
2221,1
2222,2
2223,1
2224,2
2225,2
2226,1
2227,2
2228,1
2229,2
2230,2
2231,2
2232,2
2233,2
2234,2
2235,1
2236,1
2237,2
2238,2
2239,2
2240,2
2241,2
2242,2
2243,2
2244,2
2245,2
2246,2
2247,1
2248,1
2249,2
2250,2
2251,2
2252,2
2253,2
2254,2
2255,2
2256,2
2257,2
2258,1
2259,2
2260,2
2261,2
2262,2
2263,1
2264,2
2265,2
2266,2
2267,1
2268,2
2269,2
2270,2
2271,2
2272,2
2273,2
2274,2
2275,2
2276,1
2277,1
2278,2
2279,2
2280,2
2281,2
2282,2
2283,2
2284,2
2285,1
2286,2
2287,2
2288,2
2289,2
2290,2
2291,2
2292,2
2293,2
2294,1
2295,1
2296,2
2297,2
2298,2
2299,1
2300,2
2301,2
2302,1
2303,2
2304,2
2305,2
2306,2
2307,2
2308,2
2309,2
2310,2
2311,2
2312,2
2313,2
2314,2
2315,2
2316,2
2317,2
2318,1
2319,2
2320,2
2321,2
2322,2
2323,2
2324,1
2325,2
2326,2
2327,2
2328,2
2329,2
2330,2
2331,2
2332,2
2333,2
2334,2
2335,1
2336,2
2337,2
2338,2
2339,2
2340,1
2341,2
2342,2
2343,2
2344,2
2345,2
2346,2
2347,2
2348,2
2349,1
2350,2
2351,2
2352,1
2353,2
2354,1
2355,2
2356,2
2357,1
2358,2
2359,2
2360,2
2361,2
2362,2
2363,2
2364,1
2365,2
2366,2
2367,2
2368,2
2369,2
2370,2
2371,2
2372,1
2373,1
2374,1
2375,2
2376,2
2377,2
2378,1
2379,2
2380,2
2381,1
2382,1
2383,2
2384,2
2385,2
2386,1
2387,1
2388,2
2389,2
2390,1
2391,2
2392,2
2393,1
2394,2
2395,2
2396,2
2397,2
2398,2
2399,2
2400,2
2401,2
2402,2
2403,1
2404,2
2405,2
2406,2
2407,2
2408,2
2409,2
2410,1
2411,2
2412,2
2413,2
2414,2
2415,2
2416,2
2417,2
2418,2
2419,2
2420,2
2421,2
2422,2
2423,2
2424,2
2425,2
2426,2
2427,2
2428,2
2429,2
2430,2
2431,2
2432,2
2433,2
2434,1
2435,2
2436,2
2437,2
2438,2
2439,2
2440,2
2441,2
2442,2
2443,2
2444,2
2445,2
2446,1
2447,2
2448,2
2449,2
2450,1
2451,2
2452,2
2453,2
2454,2
2455,2
2456,2
2457,2
2458,2
2459,1
2460,2
2461,2
2462,2
2463,2
2464,2
2465,2
2466,2
2467,2
2468,2
2469,2
2470,2
2471,2
2472,2
2473,2
2474,2
2475,2
2476,2
2477,1
2478,1
2479,2
2480,2
2481,2
2482,2
2483,2
2484,2
2485,2
2486,2
2487,1
2488,2
2489,2
2490,2
2491,2
2492,2
2493,1
2494,2
2495,2
2496,2
2497,2
2498,1
2499,2
2500,2
2501,2
2502,2
2503,2
2504,2
2505,2
2506,2
2507,2
2508,2
2509,2
2510,2
2511,2
2512,1
2513,2
2514,1
2515,2
2516,2
2517,2
2518,2
2519,2
2520,2
2521,2
2522,2
2523,1
2524,2
2525,1
2526,2
2527,2
2528,2
2529,2
2530,2
2531,2
2532,2
2533,2
2534,1
2535,2
2536,1
2537,2
2538,2
2539,2
2540,2
2541,2
2542,2
2543,2
2544,1
2545,2
2546,1
2547,2
2548,2
2549,2
2550,1
2551,1
2552,2
2553,2
2554,1
2555,2
2556,1
2557,2
2558,2
2559,2
2560,2
2561,2
2562,1
2563,2
2564,2
2565,1
2566,2
2567,1
2568,1
2569,2
2570,2
2571,1
2572,2
2573,1
2574,1
2575,2
2576,2
2577,2
2578,2
2579,2
2580,2
2581,2
2582,1
2583,2
2584,2
2585,2
2586,2
2587,1
2588,1
2589,2
2590,2
2591,2
2592,2
2593,2
2594,2
2595,1
2596,1
2597,1
2598,1
2599,2
2600,2
2601,1
2602,2
2603,2
2604,1
2605,2
2606,2
2607,1
2608,1
2609,2
2610,2
2611,1
2612,2
2613,1
2614,1
2615,2
2616,2
2617,2
2618,2
2619,2
2620,2
2621,2
2622,2
2623,1
2624,2
2625,2
2626,1
2627,2
2628,1
2629,2
2630,2
2631,2
2632,2
2633,2
2634,2
2635,2
2636,2
2637,2
2638,2
2639,2
2640,1
2641,2
2642,1
2643,2
2644,2
2645,2
2646,1
2647,2
2648,2
2649,1
2650,2
2651,2
2652,1
2653,2
2654,2
2655,2
2656,2
2657,2
2658,2
2659,2
2660,1
2661,2
2662,1
2663,1
2664,2
2665,2
2666,2
2667,1
2668,2
2669,2
2670,2
2671,2
2672,2
2673,2
2674,2
2675,2
2676,2
2677,2
2678,2
2679,2
2680,2
2681,2
2682,2
2683,2
2684,2
2685,1
2686,2
2687,2
2688,1
2689,2
2690,2
2691,2
2692,2
2693,2
2694,1
2695,2
2696,2
2697,2
2698,2
2699,1
2700,1
2701,2
2702,1
2703,2
2704,1
2705,2
2706,2
2707,1
2708,1
2709,2
2710,2
2711,2
2712,1
2713,2
2714,2
2715,2
2716,1
2717,1
2718,2
2719,2
2720,2
2721,2
2722,2
2723,2
2724,2
2725,2
2726,2
2727,2
2728,1
2729,1
2730,2
2731,1
2732,2
2733,2
2734,2
2735,1
2736,1
2737,2
2738,1
2739,2
2740,2
2741,2
2742,2
2743,2
2744,2
2745,2
2746,2
2747,2
2748,2
2749,2
2750,2
2751,2
2752,2
2753,2
2754,1
2755,2
2756,1
2757,1
2758,2
2759,1
2760,1
2761,2
2762,2
2763,2
2764,2
2765,2
2766,1
2767,2
2768,2
2769,2
2770,2
2771,1
2772,2
2773,2
2774,1
2775,2
2776,1
2777,1
2778,2
2779,2
2780,2
2781,2
2782,1
2783,2
2784,2
2785,2
2786,2
2787,2
2788,2
2789,2
2790,2
2791,1
2792,1
2793,2
2794,1
2795,1
2796,1
2797,2
2798,1
2799,2
2800,2
2801,2
2802,1
2803,2
2804,2
2805,1
2806,2
2807,2
2808,2
2809,2
2810,1
2811,2
2812,2
2813,2
2814,2
2815,1
2816,2
2817,2
2818,2
2819,2
2820,2
2821,1
2822,1
2823,2
2824,2
2825,2
2826,2
2827,2
2828,2
2829,2
2830,2
2831,2
2832,2
2833,1
2834,2
2835,2
2836,2
2837,2
2838,1
2839,1
2840,2
2841,1
2842,2
2843,1
2844,1
2845,2
2846,2
2847,1
2848,2
2849,2
2850,2
2851,2
2852,2
2853,2
2854,2
2855,2
2856,1
2857,2
2858,2
2859,2
2860,2
2861,2
2862,2
2863,1
2864,2
2865,2
2866,1
2867,1
2868,2
2869,2
2870,1
2871,2
2872,2
2873,2
2874,2
2875,2
2876,2
2877,2
2878,2
2879,1
2880,2
2881,2
2882,2
2883,2
2884,2
2885,2
2886,2
2887,2
2888,1
2889,1
2890,1
2891,2
2892,1
2893,2
2894,2
2895,2
2896,2
2897,2
2898,1
2899,2
2900,2
2901,2
2902,2
2903,2
2904,1
2905,1
2906,1
2907,2
2908,1
2909,2
2910,2
2911,2
2912,2
2913,2
2914,2
2915,2
2916,1
2917,1
2918,1
2919,2
2920,2
2921,2
2922,1
2923,2
2924,2
2925,2
2926,2
2927,2
2928,2
2929,2
2930,1
2931,2
2932,2
2933,2
2934,2
2935,1
2936,2
2937,2
2938,2
2939,1
2940,2
2941,2
2942,2
2943,2
2944,2
2945,2
2946,2
2947,2
2948,1
2949,2
2950,2
2951,2
2952,1
2953,2
2954,2
2955,1
2956,2
2957,2
2958,2
2959,2
2960,2
2961,2
2962,2
2963,2
2964,1
2965,2
2966,2
2967,2
2968,1
2969,2
2970,2
2971,2
2972,2
2973,1
2974,1
2975,2
2976,1
2977,2
2978,2
2979,2
2980,1
2981,2
2982,1
2983,2
2984,1
2985,1
2986,1
2987,1
2988,1
2989,2
2990,2
2991,2
2992,1
2993,2
2994,2
2995,2
2996,2
2997,2
2998,1
2999,2
3000,2
3001,2
3002,2
3003,1
3004,1
3005,2
3006,1
3007,2
3008,2
3009,1
3010,1
3011,2
3012,2
3013,2
3014,2
3015,2
3016,2
3017,2
3018,2
3019,2
3020,2
3021,2
3022,2
3023,2
3024,2
3025,1
3026,2
3027,1
3028,1
3029,2
3030,1
3031,2
3032,2
3033,2
3034,1
3035,2
3036,1
3037,2
3038,2
3039,2
3040,1
3041,2
3042,2
3043,1
3044,2
3045,2
3046,1
3047,2
3048,2
3049,2
3050,2
3051,2
3052,2
3053,2
3054,1
3055,2
3056,2
3057,2
3058,1
3059,2
3060,2
3061,2
3062,2
3063,2
3064,2
3065,1
3066,1
3067,2
3068,2
3069,2
3070,2
3071,2
3072,2
3073,2
3074,2
3075,1
3076,2
3077,2
3078,2
3079,2
3080,2
3081,1
3082,1
3083,2
3084,1
3085,2
3086,2
3087,2
3088,2
3089,2
3090,2
3091,2
3092,1
3093,2
3094,2
3095,2
3096,1
3097,1
3098,1
3099,1
3100,2
3101,1
3102,2
3103,2
3104,2
3105,2
3106,1
3107,2
3108,1
3109,2
3110,2
3111,1
3112,2
3113,2
3114,2
3115,2
3116,2
3117,2
3118,2
3119,2
3120,1
3121,2
3122,2
3123,2
3124,2
3125,2
3126,2
3127,2
3128,2
3129,2
3130,2
3131,1
3132,2
3133,2
3134,2
3135,2
3136,1
3137,2
3138,1
3139,2
3140,2
3141,2
3142,2
3143,2
3144,2
3145,2
3146,1
3147,2
3148,1
3149,2
3150,2
3151,2
3152,2
3153,2
3154,2
3155,2
3156,1
3157,2
3158,2
3159,2
3160,2
3161,2
3162,2
3163,1
3164,1
3165,2
3166,1
3167,1
3168,1
3169,2
3170,2
3171,2
3172,2
3173,2
3174,2
3175,1
3176,2
3177,2
3178,2
3179,2
3180,2
3181,1
3182,1
3183,2
3184,1
3185,2
3186,2
3187,1
3188,2
3189,2
3190,2
3191,2
3192,2
3193,2
3194,2
3195,2
3196,2
3197,2
3198,2
3199,1
3200,1
3201,2
3202,2
3203,2
3204,2
3205,1
3206,1
3207,1
3208,2
3209,2
3210,1
3211,2
3212,1
3213,2
3214,2
3215,1
3216,1
3217,2
3218,1
3219,2
3220,2
3221,2
3222,1
3223,2
3224,2
3225,2
3226,1
3227,2
3228,2
3229,2
3230,1
3231,2
3232,1
3233,2
3234,2
3235,2
3236,2
3237,1
3238,2
3239,1
3240,2
3241,2
3242,2
3243,1
3244,2
3245,1
3246,2
3247,2
3248,2
3249,1
3250,2
3251,2
3252,2
3253,2
3254,2
3255,2
3256,2
3257,1
3258,1
3259,1
3260,2
3261,2
3262,2
3263,2
3264,2
3265,1
3266,2
3267,2
3268,2
3269,1
3270,1
3271,2
3272,2
3273,2
3274,1
3275,2
3276,2
3277,2
3278,2
3279,1
3280,2
3281,2
3282,2
3283,2
3284,2
3285,2
3286,2
3287,2
3288,2
3289,1
3290,1
3291,1
3292,2
3293,2
3294,1
3295,2
3296,2
3297,2
3298,1
3299,1
3300,1
3301,2
3302,2
3303,2
3304,2
3305,2
3306,1
3307,2
3308,1
3309,2
3310,2
3311,2
3312,2
3313,2
3314,2
3315,2
3316,2
3317,2
3318,1
3319,2
3320,2
3321,2
3322,1
3323,2
3324,2
3325,1
3326,2
3327,2
3328,2
3329,1
3330,2
3331,2
3332,2
3333,2
3334,2
3335,2
3336,1
3337,2
3338,2
3339,2
3340,2
3341,2
3342,2
3343,2
3344,1
3345,2
3346,2
3347,1
3348,1
3349,2
3350,2
3351,2
3352,2
3353,1
3354,1
3355,2
3356,1
3357,2
3358,2
3359,2
3360,1
3361,2
3362,2
3363,2
3364,1
3365,2
3366,2
3367,1
3368,1
3369,1
3370,2
3371,2
3372,2
3373,2
3374,1
3375,2
3376,2
3377,2
3378,2
3379,1
3380,1
3381,2
3382,2
3383,2
3384,2
3385,2
3386,2
3387,2
3388,2
3389,2
3390,2
3391,2
3392,2
3393,2
3394,1
3395,2
3396,2
3397,2
3398,2
3399,2
3400,1
3401,2
3402,2
3403,2
3404,2
3405,2
3406,1
3407,2
3408,1
3409,2
3410,2
3411,2
3412,2
3413,1
3414,2
3415,2
3416,2
3417,2
3418,2
3419,1
3420,2
3421,2
3422,2
3423,2
3424,2
3425,2
3426,1
3427,1
3428,2
3429,1
3430,2
3431,2
3432,2
3433,1
3434,2
3435,2
3436,2
3437,2
3438,2
3439,2
3440,1
3441,1
3442,2
3443,1
3444,1
3445,2
3446,1
3447,2
3448,1
3449,2
3450,1
3451,2
3452,2
3453,2
3454,2
3455,2
3456,2
3457,2
3458,2
3459,1
3460,2
3461,1
3462,1
3463,2
3464,2
3465,2
3466,1
3467,2
3468,2
3469,2
3470,2
3471,1
3472,1
3473,2
3474,2
3475,2
3476,2
3477,2
3478,1
3479,1
3480,2
3481,2
3482,2
3483,2
3484,2
3485,1
3486,2
3487,2
3488,2
3489,2
3490,2
3491,2
3492,2
3493,2
3494,2
3495,2
3496,2
3497,2
3498,2
3499,1
3500,1
3501,2
3502,1
3503,2
3504,1
3505,2
3506,2
3507,2
3508,2
3509,2
3510,1
3511,2
3512,2
3513,2
3514,1
3515,2
3516,2
3517,2
3518,2
3519,2
3520,2
3521,2
3522,2
3523,2
3524,2
3525,1
3526,2
3527,2
3528,2
3529,2
3530,2
3531,2
3532,2
3533,2
3534,2
3535,1
3536,1
3537,2
3538,1
3539,2
3540,1
3541,2
3542,1
3543,2
3544,2
3545,1
3546,2
3547,2
3548,2
3549,1
3550,2
3551,2
3552,2
3553,1
3554,1
3555,2
3556,2
3557,2
3558,1
3559,2
3560,1
3561,2
3562,1
3563,2
3564,2
3565,2
3566,2
3567,2
3568,2
3569,1
3570,1
3571,1
3572,2
3573,1
3574,1
3575,1
3576,2
3577,2
3578,2
3579,2
3580,1
3581,1
3582,1
3583,2
3584,2
3585,2
3586,1
3587,2
3588,1
3589,2
3590,2
3591,2
3592,2
3593,2
3594,1
3595,2
3596,2
3597,2
3598,1
3599,1
3600,2
3601,2
3602,2
3603,2
3604,2
3605,2
3606,2
3607,2
3608,2
3609,1
3610,2
3611,1
3612,2
3613,2
3614,1
3615,2
3616,2
3617,1
3618,2
3619,2
3620,2
3621,2
3622,2
3623,1
3624,2
3625,2
3626,2
3627,2
3628,2
3629,2
3630,2
3631,1
3632,2
3633,2
3634,2
3635,1
3636,2
3637,2
3638,2
3639,2
3640,2
3641,2
3642,2
3643,2
3644,2
3645,2
3646,1
3647,2
3648,2
3649,2
3650,2
3651,1
3652,2
3653,2
3654,2
3655,2
3656,2
3657,1
3658,1
3659,1
3660,2
3661,2
3662,1
3663,2
3664,2
3665,2
3666,2
3667,2
3668,1
3669,2
3670,1
3671,2
3672,2
3673,1
3674,2
3675,2
3676,2
3677,2
3678,2
3679,2
3680,1
3681,2
3682,1
3683,1
3684,2
3685,2
3686,2
3687,2
3688,2
3689,2
3690,1
3691,2
3692,1
3693,2
3694,2
3695,2
3696,2
3697,2
3698,2
3699,1
3700,2
3701,1
3702,1
3703,1
3704,2
3705,1
3706,2
3707,1
3708,2
3709,2
3710,2
3711,2
3712,1
3713,2
3714,2
3715,2
3716,2
3717,2
3718,2
3719,2
3720,1
3721,2
3722,2
3723,2
3724,2
3725,1
3726,2
3727,2
3728,2
3729,2
3730,2
3731,2
3732,2
3733,2
3734,2
3735,2
3736,2
3737,2
3738,1
3739,2
3740,2
3741,2
3742,2
3743,1
3744,1
3745,2
3746,2
3747,2
3748,2
3749,2
3750,2
3751,2
3752,1
3753,2
3754,2
3755,1
3756,1
3757,1
3758,2
3759,2
3760,2
3761,2
3762,2
3763,2
3764,2
3765,2
3766,2
3767,2
3768,1
3769,2
3770,2
3771,2
3772,2
3773,2
3774,1
3775,2
3776,1
3777,2
3778,2
3779,2
3780,1
3781,2
3782,2
3783,1
3784,2
3785,2
3786,2
3787,2
3788,2
3789,1
3790,2
3791,2
3792,2
3793,1
3794,2
3795,2
3796,2
3797,2
3798,2
3799,2
3800,1
3801,2
3802,2
3803,2
3804,2
3805,2
3806,2
3807,1
3808,2
3809,1
3810,2
3811,2
3812,1
3813,2
3814,1
3815,2
3816,2
3817,1
3818,1
3819,2
3820,2
3821,2
3822,2
3823,1
3824,2
3825,1
3826,1
3827,2
3828,2
3829,1
3830,2
3831,2
3832,2
3833,2
3834,2
3835,1
3836,1
3837,2
3838,2
3839,2
3840,2
3841,2
3842,2
3843,1
3844,2
3845,1
3846,2
3847,2
3848,2
3849,2
3850,2
3851,1
3852,2
3853,2
3854,2
3855,1
3856,2
3857,2
3858,1
3859,1
3860,2
3861,2
3862,1
3863,2
3864,1
3865,2
3866,2
3867,1
3868,2
3869,2
3870,2
3871,1
3872,2
3873,1
3874,2
3875,2
3876,2
3877,2
3878,2
3879,1
3880,1
3881,2
3882,1
3883,1
3884,1
3885,2
3886,2
3887,2
3888,2
3889,2
3890,2
3891,2
3892,2
3893,2
3894,2
3895,1
3896,2
3897,2
3898,2
3899,2
3900,1
3901,1
3902,2
3903,1
3904,1
3905,2
3906,2
3907,2
3908,2
3909,2
3910,2
3911,1
3912,1
3913,2
3914,2
3915,2
3916,2
3917,2
3918,2
3919,1
3920,2
3921,2
3922,2
3923,2
3924,1
3925,2
3926,2
3927,2
3928,2
3929,2
3930,2
3931,2
3932,1
3933,2
3934,2
3935,1
3936,2
3937,2
3938,2
3939,2
3940,1
3941,2
3942,2
3943,2
3944,2
3945,1
3946,2
3947,1
3948,2
3949,2
3950,1
3951,2
3952,2
3953,1
3954,2
3955,2
3956,1
3957,2
3958,1
3959,2
3960,1
3961,1
3962,1
3963,2
3964,2
3965,1
3966,2
3967,2
3968,2
3969,2
3970,2
3971,2
3972,2
3973,2
3974,1
3975,2
3976,1
3977,2
3978,2
3979,2
3980,2
3981,2
3982,2
3983,1
3984,2
3985,2
3986,1
3987,2
3988,2
3989,2
3990,1
3991,2
3992,1
3993,2
3994,2
3995,1
3996,2
3997,2
3998,1
3999,2
4000,2
4001,2
4002,2
4003,2
4004,2
4005,2
4006,1
4007,1
4008,2
4009,2
4010,2
4011,2
4012,2
4013,2
4014,2
4015,2
4016,2
4017,2
4018,2
4019,1
4020,2
4021,2
4022,2
4023,2
4024,2
4025,1
4026,2
4027,2
4028,1
4029,2
4030,2
4031,1
4032,2
4033,2
4034,1
4035,2
4036,2
4037,1
4038,2
4039,2
4040,2
4041,1
4042,2
4043,2
4044,1
4045,2
4046,2
4047,2
4048,2
4049,1
4050,1
4051,2
4052,2
4053,1
4054,2
4055,2
4056,1
4057,1
4058,1
4059,2
4060,1
4061,1
4062,2
4063,1
4064,2
4065,1
4066,2
4067,1
4068,1
4069,2
4070,2
4071,2
4072,2
4073,2
4074,2
4075,2
4076,1
4077,2
4078,2
4079,1
4080,2
4081,1
4082,2
4083,2
4084,2
4085,2
4086,2
4087,2
4088,1
4089,2
4090,2
4091,2
4092,2
4093,1
4094,2
4095,1
4096,1
4097,2
4098,2
4099,1
4100,2
4101,1
4102,2
4103,2
4104,1
4105,2
4106,1
4107,2
4108,2
4109,2
4110,2
4111,2
4112,2
4113,2
4114,2
4115,2
4116,2
4117,2
4118,2
4119,2
4120,2
4121,1
4122,1
4123,1
4124,2
4125,2
4126,1
4127,2
4128,1
4129,2
4130,2
4131,1
4132,2
4133,2
4134,2
4135,2
4136,2
4137,2
4138,1
4139,2
4140,2
4141,1
4142,2
4143,2
4144,2
4145,2
4146,1
4147,2
4148,1
4149,2
4150,2
4151,1
4152,2
4153,1
4154,1
4155,2
4156,2
4157,1
4158,2
4159,2
4160,2
4161,2
4162,1
4163,2
4164,2
4165,2
4166,1
4167,2
4168,1
4169,2
4170,2
4171,1
4172,2
4173,2
4174,2
4175,2
4176,1
4177,1
4178,1
4179,2
4180,1
4181,2
4182,1
4183,2
4184,2
4185,1
4186,2
4187,1
4188,2
4189,2
4190,2
4191,2
4192,2
4193,2
4194,2
4195,2
4196,2
4197,2
4198,1
4199,2
4200,2
4201,2
4202,2
4203,2
4204,2
4205,2
4206,2
4207,2
4208,2
4209,2
4210,1
4211,2
4212,1
4213,2
4214,1
4215,2
4216,2
4217,2
4218,2
4219,2
4220,2
4221,1
4222,2
4223,2
4224,2
4225,2
4226,1
4227,2
4228,2
4229,2
4230,2
4231,2
4232,1
4233,2
4234,1
4235,2
4236,2
4237,1
4238,2
4239,1
4240,2
4241,1
4242,2
4243,2
4244,1
4245,2
4246,2
4247,2
4248,2
4249,2
4250,2
4251,1
4252,2
4253,2
4254,2
4255,2
4256,2
4257,2
4258,2
4259,2
4260,1
4261,2
4262,2
4263,2
4264,2
4265,1
4266,1
4267,1
4268,2
4269,1
4270,1
4271,2
4272,2
4273,1
4274,1
4275,2
4276,2
4277,2
4278,1
4279,2
4280,2
4281,1
4282,2
4283,2
4284,1
4285,2
4286,2
4287,1
4288,2
4289,1
4290,2
4291,1
4292,1
4293,2
4294,2
4295,2
4296,2
4297,2
4298,2
4299,1
4300,2
4301,1
4302,2
4303,2
4304,1
4305,1
4306,1
4307,2
4308,2
4309,2
4310,2
4311,2
4312,2
4313,1
4314,2
4315,2
4316,2
4317,2
4318,2
4319,1
4320,1
4321,2
4322,1
4323,2
4324,2
4325,2
4326,2
4327,1
4328,2
4329,1
4330,2
4331,2
4332,2
4333,2
4334,1
4335,2
4336,2
4337,2
4338,2
4339,2
4340,1
4341,2
4342,2
4343,1
4344,1
4345,2
4346,1
4347,2
4348,2
4349,2
4350,2
4351,2
4352,1
4353,2
4354,2
4355,2
4356,1
4357,1
4358,1
4359,1
4360,1
4361,2
4362,2
4363,1
4364,2
4365,2
4366,1
4367,2
4368,2
4369,2
4370,2
4371,2
4372,2
4373,1
4374,2
4375,2
4376,1
4377,2
4378,1
4379,2
4380,2
4381,2
4382,2
4383,2
4384,2
4385,2
4386,2
4387,2
4388,2
4389,2
4390,2
4391,2
4392,2
4393,1
4394,2
4395,2
4396,2
4397,2
4398,1
4399,2
4400,2
4401,2
4402,1
4403,2
4404,2
4405,2
4406,1
4407,2
4408,2
4409,2
4410,2
4411,2
4412,2
4413,2
4414,2
4415,2
4416,1
4417,2
4418,1
4419,1
4420,2
4421,2
4422,2
4423,2
4424,2
4425,1
4426,1
4427,2
4428,2
4429,2
4430,2
4431,2
4432,2
4433,2
4434,1
4435,2
4436,2
4437,2
4438,1
4439,2
4440,2
4441,1
4442,2
4443,1
4444,2
4445,1
4446,2
4447,1
4448,2
4449,2
4450,2
4451,2
4452,1
4453,2
4454,2
4455,2
4456,2
4457,1
4458,2
4459,2
4460,2
4461,2
4462,2
4463,2
4464,1
4465,2
4466,2
4467,2
4468,2
4469,1
4470,2
4471,2
4472,2
4473,1
4474,1
4475,1
4476,2
4477,2
4478,2
4479,2
4480,2
4481,2
4482,1
4483,1
4484,2
4485,2
4486,2
4487,2
4488,1
4489,2
4490,2
4491,2
4492,2
4493,2
4494,2
4495,2
4496,1
4497,2
4498,2
4499,1
4500,2
4501,2
4502,1
4503,1
4504,2
4505,2
4506,2
4507,2
4508,2
4509,2
4510,2
4511,2
4512,1
4513,2
4514,2
4515,1
4516,2
4517,2
4518,2
4519,2
4520,2
4521,2
4522,2
4523,2
4524,2
4525,1
4526,2
4527,1
4528,2
4529,2
4530,1
4531,2
4532,1
4533,2
4534,2
4535,2
4536,2
4537,1
4538,2
4539,2
4540,2
4541,2
4542,2
4543,2
4544,2
4545,2
4546,2
4547,2
4548,2
4549,2
4550,1
4551,2
4552,2
4553,2
4554,2
4555,2
4556,2
4557,2
4558,1
4559,2
4560,2
4561,2
4562,1
4563,2
4564,2
4565,2
4566,2
4567,2
4568,2
4569,2
4570,1
4571,2
4572,2
4573,2
4574,1
4575,2
4576,1
4577,2
4578,2
4579,2
4580,2
4581,1
4582,1
4583,1
4584,2
4585,1
4586,1
4587,2
4588,2
4589,2
4590,1
4591,2
4592,2
4593,2
4594,2
4595,2
4596,2
4597,2
4598,2
4599,2
4600,2
4601,2
4602,2
4603,2
4604,2
4605,2
4606,1
4607,2
4608,2
4609,1
4610,1
4611,2
4612,2
4613,2
4614,1
4615,1
4616,2
4617,2
4618,1
4619,2
4620,2
4621,2
4622,1
4623,1
4624,1
4625,2
4626,2
4627,1
4628,1
4629,2
4630,1
4631,2
4632,2
4633,2
4634,2
4635,2
4636,2
4637,2
4638,2
4639,2
4640,1
4641,1
4642,2
4643,1
4644,2
4645,2
4646,2
4647,1
4648,2
4649,2
4650,2
4651,2
4652,2
4653,1
4654,2
4655,1
4656,1
4657,2
4658,2
4659,1
4660,2
4661,2
4662,1
4663,2
4664,2
4665,1
4666,1
4667,2
4668,1
4669,2
4670,2
4671,2
4672,2
4673,2
4674,2
4675,2
4676,2
4677,2
4678,2
4679,2
4680,2
4681,2
4682,1
4683,2
4684,2
4685,2
4686,1
4687,1
4688,2
4689,2
4690,2
4691,2
4692,2
4693,1
4694,2
4695,1
4696,2
4697,2
4698,1
4699,2
4700,2
4701,2
4702,2
4703,1
4704,2
4705,2
4706,2
4707,2
4708,2
4709,1
4710,1
4711,2
4712,2
4713,2
4714,2
4715,2
4716,1
4717,2
4718,2
4719,1
4720,2
4721,1
4722,1
4723,2
4724,2
4725,2
4726,2
4727,2
4728,1
4729,1
4730,2
4731,1
4732,1
4733,2
4734,2
4735,2
4736,1
4737,2
4738,2
4739,2
4740,2
4741,1
4742,1
4743,2
4744,2
4745,2
4746,2
4747,2
4748,2
4749,2
4750,1
4751,2
4752,2
4753,2
4754,2
4755,2
4756,1
4757,1
4758,2
4759,2
4760,2
4761,2
4762,2
4763,1
4764,1
4765,1
4766,2
4767,2
4768,2
4769,1
4770,2
4771,2
4772,1
4773,2
4774,2
4775,1
4776,2
4777,1
4778,2
4779,1
4780,2
4781,2
4782,2
4783,2
4784,2
4785,2
4786,1
4787,2
4788,1
4789,2
4790,2
4791,1
4792,1
4793,1
4794,2
4795,2
4796,2
4797,1
4798,2
4799,2
4800,2
4801,2
4802,2
4803,1
4804,2
4805,2
4806,1
4807,2
4808,2
4809,1
4810,1
4811,2
4812,2
4813,2
4814,1
4815,1
4816,2
4817,1
4818,2
4819,2
4820,2
4821,2
4822,2
4823,2
4824,1
4825,2
4826,2
4827,1
4828,2
4829,2
4830,2
4831,2
4832,2
4833,2
4834,2
4835,2
4836,2
4837,2
4838,2
4839,2
4840,1
4841,2
4842,2
4843,2
4844,2
4845,2
4846,1
4847,2
4848,2
4849,1
4850,2
4851,2
4852,2
4853,2
4854,1
4855,2
4856,2
4857,1
4858,2
4859,2
4860,2
4861,1
4862,2
4863,2
4864,2
4865,2
4866,2
4867,2
4868,2
4869,2
4870,2
4871,1
4872,2
4873,1
4874,2
4875,2
4876,1
4877,2
4878,2
4879,2
4880,1
4881,1
4882,2
4883,1
4884,2
4885,2
4886,2
4887,2
4888,2
4889,2
4890,2
4891,1
4892,1
4893,2
4894,2
4895,2
4896,2
4897,1
4898,1
4899,2
4900,2
4901,2
4902,2
4903,1
4904,2
4905,2
4906,2
4907,1
4908,2
4909,2
4910,2
4911,2
4912,2
4913,1
4914,2
4915,1
4916,2
4917,1
4918,2
4919,2
4920,2
4921,2
4922,2
4923,2
4924,2
4925,2
4926,2
4927,2
4928,2
4929,2
4930,2
4931,2
4932,2
4933,2
4934,1
4935,2
4936,2
4937,2
4938,1
4939,2
4940,2
4941,2
4942,2
4943,2
4944,1
4945,2
4946,1
4947,2
4948,2
4949,2
4950,2
4951,2
4952,1
4953,1
4954,2
4955,1
4956,2
4957,1
4958,2
4959,1
4960,2
4961,2
4962,2
4963,2
4964,2
4965,1
4966,2
4967,2
4968,2
4969,2
4970,2
4971,2
4972,2
4973,2
4974,2
4975,2
4976,2
4977,2
4978,2
4979,2
4980,2
4981,2
4982,2
4983,2
4984,2
4985,1
4986,2
4987,2
4988,1
4989,1
4990,2
4991,2
4992,2
4993,2
4994,1
4995,2
4996,1
4997,2
4998,2
4999,2
5000,2
5001,2
5002,2
5003,1
5004,2
5005,2
5006,2
5007,2
5008,2
5009,2
5010,2
5011,2
5012,1
5013,2
5014,2
5015,1
5016,2
5017,1
5018,2
5019,2
5020,1
5021,2
5022,2
5023,2
5024,1
5025,1
5026,2
5027,2
5028,2
5029,2
5030,2
5031,2
5032,1
5033,2
5034,2
5035,2
5036,2
5037,2
5038,2
5039,2
5040,2
5041,2
5042,2
5043,2
5044,2
5045,1
5046,2
5047,2
5048,2
5049,2
5050,2
5051,1
5052,1
5053,1
5054,2
5055,2
5056,2
5057,1
5058,2
5059,1
5060,2
5061,2
5062,2
5063,2
5064,2
5065,2
5066,1
5067,1
5068,2
5069,2
5070,2
5071,2
5072,2
5073,2
5074,2
5075,2
5076,2
5077,2
5078,2
5079,2
5080,2
5081,2
5082,2
5083,1
5084,1
5085,2
5086,2
5087,1
5088,2
5089,2
5090,2
5091,2
5092,2
5093,2
5094,1
5095,2
5096,2
5097,2
5098,1
5099,2
5100,2
5101,1
5102,1
5103,2
5104,2
5105,1
5106,2
5107,2
5108,2
5109,1
5110,2
5111,2
5112,2
5113,2
5114,2
5115,2
5116,2
5117,1
5118,2
5119,2
5120,2
5121,2
5122,2
5123,2
5124,2
5125,2
5126,2
5127,2
5128,1
5129,2
5130,2
5131,2
5132,1
5133,2
5134,2
5135,2
5136,2
5137,1
5138,2
5139,1
5140,1
5141,1
5142,2
5143,2
5144,2
5145,2
5146,1
5147,2
5148,1
5149,1
5150,2
5151,2
5152,2
5153,2
5154,1
5155,2
5156,2
5157,1
5158,2
5159,1
5160,2
5161,2
5162,2
5163,1
5164,2
5165,2
5166,2
5167,2
5168,2
5169,1
5170,2
5171,2
5172,2
5173,2
5174,2
5175,2
5176,2
5177,2
5178,1
5179,2
5180,2
5181,2
5182,1
5183,2
5184,2
5185,2
5186,2
5187,2
5188,2
5189,1
5190,2
5191,2
5192,2
5193,2
5194,2
5195,2
5196,1
5197,1
5198,2
5199,2
5200,2
5201,2
5202,1
5203,2
5204,2
5205,2
5206,2
5207,2
5208,2
5209,2
5210,2
5211,2
5212,2
5213,2
5214,2
5215,2
5216,2
5217,2
5218,2
5219,2
5220,2
5221,2
5222,2
5223,1
5224,2
5225,2
5226,2
5227,2
5228,2
5229,2
5230,2
5231,2
5232,2
5233,1
5234,2
5235,2
5236,2
5237,2
5238,2
5239,1
5240,2
5241,2
5242,2
5243,2
5244,2
5245,2
5246,2
5247,2
5248,1
5249,2
5250,1
5251,2
5252,1
5253,2
5254,2
5255,2
5256,1
5257,2
5258,1
5259,1
5260,2
5261,2
5262,1
5263,2
5264,2
5265,2
5266,2
5267,2
5268,1
5269,2
5270,1
5271,2
5272,2
5273,2
5274,2
5275,2
5276,2
5277,1
5278,2
5279,2
5280,2
5281,1
5282,2
5283,2
5284,2
5285,1
5286,2
5287,2
5288,1
5289,1
5290,1
5291,2
5292,2
5293,2
5294,2
5295,2
5296,2
5297,1
5298,1
5299,2
5300,2
5301,1
5302,1
5303,2
5304,2
5305,2
5306,2
5307,2
5308,2
5309,2
5310,1
5311,2
5312,2
5313,2
5314,1
5315,1
5316,2
5317,1
5318,2
5319,1
5320,2
5321,2
5322,2
5323,2
5324,1
5325,1
5326,2
5327,1
5328,2
5329,2
5330,2
5331,2
5332,2
5333,1
5334,2
5335,2
5336,2
5337,2
5338,2
5339,1
5340,2
5341,2
5342,1
5343,2
5344,2
5345,2
5346,2
5347,2
5348,2
5349,1
5350,2
5351,2
5352,2
5353,2
5354,2
5355,2
5356,2
5357,2
5358,2
5359,1
5360,2
5361,2
5362,1
5363,2
5364,2
5365,2
5366,2
5367,1
5368,2
5369,2
5370,2
5371,2
5372,2
5373,2
5374,1
5375,1
5376,2
5377,1
5378,2
5379,1
5380,2
5381,2
5382,2
5383,2
5384,2
5385,2
5386,2
5387,2
5388,2
5389,1
5390,1
5391,2
5392,2
5393,2
5394,2
5395,2
5396,2
5397,1
5398,2
5399,2
5400,2
5401,2
5402,1
5403,2
5404,2
5405,2
5406,2
5407,2
5408,2
5409,2
5410,1
5411,2
5412,2
5413,2
5414,1
5415,1
5416,2
5417,2
5418,1
5419,2
5420,2
5421,2
5422,1
5423,2
5424,1
5425,2
5426,2
5427,2
5428,1
5429,2
5430,2
5431,1
5432,2
5433,2
5434,2
5435,2
5436,2
5437,2
5438,2
5439,2
5440,2
5441,2
5442,2
5443,2
5444,2
5445,2
5446,1
5447,2
5448,1
5449,1
5450,2
5451,2
5452,1
5453,2
5454,2
5455,1
5456,2
5457,2
5458,2
5459,1
5460,1
5461,1
5462,2
5463,2
5464,2
5465,2
5466,2
5467,2
5468,2
5469,2
5470,1
5471,2
5472,2
5473,2
5474,1
5475,2
5476,2
5477,2
5478,2
5479,2
5480,2
5481,1
5482,2
5483,2
5484,1
5485,2
5486,1
5487,2
5488,2
5489,2
5490,2
5491,2
5492,2
5493,2
5494,2
5495,2
5496,1
5497,2
5498,2
5499,2
5500,2
5501,2
5502,2
5503,2
5504,2
5505,2
5506,2
5507,2
5508,2
5509,1
5510,2
5511,2
5512,2
5513,2
5514,2
5515,2
5516,2
5517,2
5518,2
5519,2
5520,2
5521,1
5522,2
5523,2
5524,2
5525,1
5526,2
5527,2
5528,2
5529,2
5530,2
5531,2
5532,1
5533,2
5534,2
5535,2
5536,2
5537,2
5538,2
5539,2
5540,1
5541,2
5542,2
5543,2
5544,1
5545,2
5546,2
5547,1
5548,1
5549,2
5550,2
5551,2
5552,2
5553,2
5554,2
5555,1
5556,2
5557,2
5558,2
5559,1
5560,1
5561,2
5562,2
5563,2
5564,2
5565,1
5566,1
5567,2
5568,2
5569,1
5570,2
5571,2
5572,2
5573,2
5574,2
5575,2
5576,2
5577,2
5578,2
5579,1
5580,2
5581,2
5582,2
5583,1
5584,2
5585,2
5586,1
5587,2
5588,1
5589,2
5590,2
5591,1
5592,2
5593,2
5594,2
5595,2
5596,2
5597,2
5598,2
5599,2
5600,2
5601,2
5602,2
5603,2
5604,2
5605,2
5606,2
5607,2
5608,2
5609,2
5610,2
5611,2
5612,2
5613,2
5614,1
5615,2
5616,2
5617,2
5618,2
5619,1
5620,2
5621,1
5622,2
5623,2
5624,2
5625,2
5626,2
5627,1
5628,1
5629,2
5630,2
5631,1
5632,1
5633,2
5634,2
5635,1
5636,2
5637,2
5638,2
5639,2
5640,2
5641,2
5642,2
5643,2
5644,2
5645,1
5646,2
5647,2
5648,2
5649,2
5650,2
5651,2
5652,2
5653,2
5654,2
5655,1
5656,1
5657,2
5658,2
5659,1
5660,2
5661,2
5662,2
5663,2
5664,2
5665,2
5666,2
5667,2
5668,1
5669,2
5670,2
5671,2
5672,2
5673,2
5674,2
5675,1
5676,1
5677,2
5678,2
5679,2
5680,2
5681,2
5682,2
5683,2
5684,2
5685,2
5686,2
5687,1
5688,2
5689,2
5690,2
5691,2
5692,2
5693,1
5694,2
5695,2
5696,2
5697,2
5698,2
5699,2
5700,1
5701,2
5702,2
5703,2
5704,1
5705,1
5706,2
5707,1
5708,2
5709,2
5710,2
5711,2
5712,2
5713,2
5714,2
5715,2
5716,2
5717,2
5718,2
5719,1
5720,1
5721,1
5722,1
5723,2
5724,2
5725,2
5726,2
5727,1
5728,1
5729,2
5730,2
5731,2
5732,1
5733,2
5734,2
5735,2
5736,2
5737,2
5738,1
5739,2
5740,1
5741,2
5742,1
5743,2
